"Решение добавил","Замечание добавил","Система","Замечание","Решение"
"Евгений Воронин","Евгений Воронин","КПД","Дребезг давления в ТМ (15.12.1)            ","Если дребезг только в начале поездки, то это с большей степенью вероятности неисправность датчика."
"Евгений Воронин","Евгений Воронин","КПД","Одновременно горят два или несколько огней ЛС (5.8.1)     ","Проверить исправность панели соединительной, при необходимости заменить"
"Евгений Воронин","Евгений Воронин","КПД","Одновременно горят два или несколько огней ЛС (5.8.1)     "," Проверить исправность блока управления, при необходимости заменить   "
"Евгений Воронин","Евгений Воронин","КПД","В течение всей поездки не принимается один из огней ЛС (15.19.1)"," Проверить целостность монтажных проводов, при необходимости обеспечить восстановление"
"Евгений Воронин","Евгений Воронин","КПД","В течение всей поездки не принимается один из огней ЛС (15.19.1)","Обесечить правильность подключения монтажа на панели соединительной     "
"Евгений Воронин","Евгений Воронин","КПД","В течение всей поездки не принимается один из огней ЛС (15.19.1)","Обеспечить правильность подключение монтажа в ОЯ, устранить возможные коротокие замыкания монтажа, касание соседних клемм, проводов в ОЯ"
"Евгений Воронин","Евгений Воронин","КПД","В течение всей поездки не принимается один из огней ЛС (15.19.1)"," Проверить исправность дешифратора, при необходимости заменить"
"Евгений Воронин","Евгений Воронин","КПД","В течение всей поездки не принимается один из огней ЛС (15.19.1)","Проверить исправность диода в ЭПК-150, при необходимости заменить"
"Евгений Воронин","Евгений Воронин","КПД","В течение всей поездки не принимается один из огней ЛС (15.19.1)","Проверить правильность подключения проводов на штыревых клеммах ЭПК-150 (провод ""1"" к ЭПК-1, провод ""2"" к ЭПК-4), при необходимости привести в соответствие. В случае соответствия протянуть гайки крепления проводов КПД на штыревых клеммах"
"Евгений Воронин","Евгений Воронин","КПД","В течение всей поездки не принимается один из огней ЛС (15.19.1)","Проверить правильность информации в ЭПЛ об установленных устройствах безопасности, при необходимости внести корректировки"
"Евгений Воронин","Евгений Воронин","КПД","В течение всей поездки не принимается один из огней ЛС (15.19.1)","Проверить правильность введенного в полупостоянные характеристики признака ""код варианта системы АЛС"", при необходимости откорректировать"
"Евгений Воронин","Евгений Воронин","КПД","В течение всей поездки не принимается один из огней ЛС (15.19.1)"," Проверить  актуальность установленного программного обеспечения, при необходимости актуализировать до версии из состава пакета № 13"
"Евгений Воронин","Евгений Воронин","КПД","В течение всей поездки не принимается один из огней ЛС (15.19.1)","Проверить исправность панели соединительной, при необходимости заменить"
"Евгений Воронин","Евгений Воронин","КПД","В течение всей поездки не принимается один из огней ЛС (15.19.1)","Проверить исправность блока управления, при необходимости заменить"
"Евгений Воронин","Евгений Воронин","КПД","Отсутствует сигнал ИФ (15.13.1)","Проверить целостность монтажа, при необходимсоти восстановить  "
"Евгений Воронин","Евгений Воронин","КПД","Отсутствует сигнал ИФ (15.13.1)"," Проверить правильность подключения монтажа, в том числе качество пайки и фиксации наконечников кабеля на клемных рейках в общем ящике АЛСН и клемной рейки расположенной под пультом управления, при необъходимости привести в соответствие "
"Евгений Воронин","Евгений Воронин","КПД","Отсутствует сигнал ИФ (15.13.1)","Проверить наличие ""минуса"" провода ИФ в панеле соединительной, при необходимости привести в соотвествие"
"Евгений Воронин","Евгений Воронин","КПД","Отсутствует сигнал ИФ (15.13.1)","Проверить исправность панели соединительной, при необходимости заменить"
"Евгений Воронин","Евгений Воронин","КПД","Отсутствует сигнал ИФ (15.13.1)","Проверить исправность блока управления, при необходимости заменить     "
"Евгений Воронин","Евгений Воронин","КПД","В течение поездки не принимаются изменения позиции крана 395 (15.10.1)                                                        Принимаются ошибочные позиции крана 395 (15.9.1)","Установить ККМ, в случае если установлен кран усл.№395. Если установлен кран усл. 394 демонтировать блок БУС и убрать наличие БУС в полупостоянных характеристиках;"
"Евгений Воронин","Евгений Воронин","КПД","В течение поездки не принимаются изменения позиции крана 395 (15.10.1)                                                        Принимаются ошибочные позиции крана 395 (15.9.1)","Заменить кабель и разъем ККМ"
"Евгений Воронин","Евгений Воронин","КПД","В течение поездки не принимаются изменения позиции крана 395 (15.10.1)                                                        Принимаются ошибочные позиции крана 395 (15.9.1)"," Восстановить питание ККМ"
"Евгений Воронин","Евгений Воронин","КПД","В течение поездки не принимаются изменения позиции крана 395 (15.10.1)                                                        Принимаются ошибочные позиции крана 395 (15.9.1)","Заменить ККМ, при отсутствии демонтировать блок БУС и убрать наличие БУС в полупостоянных характеристиках"
"Евгений Воронин","Евгений Воронин","КПД","В течение поездки не принимаются изменения позиции крана 395 (15.10.1)                                                        Принимаются ошибочные позиции крана 395 (15.9.1)","Проверить монтаж подключения ККМ к ПС-КС/БУС-М, при необходимости заменить"
"Евгений Воронин","Евгений Воронин","КПД","В течение поездки не принимаются изменения позиции крана 395 (15.10.1)                                                        Принимаются ошибочные позиции крана 395 (15.9.1)","Заменить БУС-М/БУС"
"Евгений Воронин","Евгений Воронин","КПД","В течение поездки не принимаются изменения позиции крана 395 (15.10.1)                                                        Принимаются ошибочные позиции крана 395 (15.9.1)","Проверка правильности  установки ККМ по контрольным рискам электромеханиками ТРПУ, после установки верхней части крана усл. №395 слесарями ТМХ, при несовпадении вызвать работника СЛД для приведения в соответствие"
"Евгений Воронин","Евгений Воронин","КПД","В течение поездки не принимаются изменения позиции крана 395 (15.10.1)                                                        Принимаются ошибочные позиции крана 395 (15.9.1)","Проверить передачу информации по CAN от ККМ, при остутствии передачи информации заменить неисправную микросхему в ККМ либо ККМ. При остутствии в переходе убрать наличие БУС в полупостоянных характеристиках"
"Александр  Прошенков ","Александр  Прошенков ","САУТ","Отсутствуют АЧХ АН-САУТ","1)Произвести проверку По РПС САУТ наличие замечаний в период поездок. 
 2)Если замечания присутствуют проверить целостность кабельной продукции от ПУ САУТ до АН-САУТ 
 3)Произвести замену АН-САУТ и ПУ 
 4)После замены проверить наличие АЧХ с помощью БПР-У"
"Александр  Прошенков ","Александр  Прошенков ","БЛОК","Кратковременное отсутствие записи параметров БЛОК","1) При проверки в цеху(станции) Произвести проверку БС-СН с помощью кассеты СН-Блок и наличие регистрации его(светодиоды 2 горят) и регистрации на Мониторе БЛОК
 2) Проверить наличия исправного соединения БС-СН и отсутвие отлипания СН-Блок от блока. 
 3) При отсутствии одного регистрации БС-СН заменить
 4) При положительном результате проверить электровоз на стационарном (переносном) ИШ считать её и проверить на наличии регистрации при её отсутствии заменить. "
"Александр  Прошенков ","Александр  Прошенков ","БЛОК","Частые проверки бдительности от ТСКБМ","При проверки нужно на ИШ нужно вкл. ТЛ-ТСКБМ и установить тумблер в положения ""В"", дождаться пока на ТЛ не появится КГР и наличие индикации на приёмнике и мониторе БЛОК. После этого произвести замер времени первой ППД.При частных проверках произвести проверку кабельной продукции к ТСКБМ-П. При целостности кабельной продукции произвести повторную перезагрузку блок и повторить действия описанные выше. Заменить ТСКБМ-П и Тскбм-К для проверки на стенде. "
"Владимир Костин","Владимир Костин","АЛСН","Локомотив ЧМЭ 3Т нет приема кодов на перед ( назад ),  а прием кодов на зад ( перед ) устойчивый.","Осмотреть переключатель "" Езда / Манёвры"". Проверить работу реле ""РЭМ"" ( замыкание и размыкание контактов)."
"Владимир Костин","Владимир Костин","АЛСН","При зажигании лампы ""К"" на локомотивном светофоре ЭПК под ток не встаёт."," Проводить работу в два лица. Кратковременно нажать РБ, одновременно быстро коснувшись зажима ""С"" и ""РБ-2"" на клемной рейке ОЯ. Если катушка ЭПК окажется под током то, следовательно, возможен обрыв или отсутствие контакта в монтаже. Цепь: зажим ""С"" в ОЯ, разъём 1 в фишке 3СЛ-2М, контакт 0-20 в 3СЛ-2М. Нужно выкрутить фишку от 3СЛ-2М и зашунтировать разъемы 1 и 5 в фишке с помощью перемычки. Если ЭПК будет под током, то нет контакта или разрегулирован контакт 0-20, а если нет, то неисправность монтажа от зажима ""С"" до разъёма 1 в фишке 3СЛ-2М.  Если после кратковременного касания перемычкой зыжимов ""С"" и РБ-2 ЭПК окажется под током то, следовательно, неисправен ДКСВ."
"Владимир Костин","Владимир Костин","АЛСН","При загорании лампы ""КЖ""  на локомотивном светофоре ЭПК не становится под ток.","Кратковременно нажать рукоятку РБ, одновременно быстро коснувшись зажимов ""В"" и ""РБ-2"". Если ЭПК встанет под ток то, произошел обрыв или отсутствие контакта в монтаже.
Цепь: разъём 3 в фишке скоростимера или монтаж непосредственно в самом 3СЛ-2М. После касания перемычкой зажимов ""В"" и ""РБ-2"" в ОЯ, ЭПК по-прежнему не под током, то неисправен ДКСВ."
"Владимир Костин","Владимир Костин","АЛСН","При переходе на ""К"" и ""КЖ"" ЭПК обесточен.","Возможен обрыв или отсутствие контакта в разъёме 5 фишки 3СЛ-2М, или разрегулированы контакты Vкж, Vж в скоростимере."
"Макеев Артем","Макеев Артем","КПД","Выключение ТСКБМ более 3 минут или до конца поездки 37.4","Для тепловоза серии ТЭМ7а. Проверить питание на разьеме Х6 панели соединительной КПД-3ПВ"
"Evgeniy Voronin","Evgeniy Voronin","КЛУБ-У","Нет приема координат","Проверить кабельный монтаж от блока БЭЛ-У до антенны"
"Evgeniy Voronin","Evgeniy Voronin","КЛУБ-УМ","Текст замечания, отображаемый на главной странице","1 Решение для данного замечания"
"Evgeniy Voronin","Evgeniy Voronin","КЛУБ-УМ","Текст замечания, отображаемый на главной странице","2 Решение для данного замечания"
"Evgeniy Voronin","Evgeniy Voronin","КЛУБ-УМ","Текст замечания, отображаемый на главной странице","3 Решение для данного замечания"
"Evgeniy Voronin","Evgeniy Voronin","КЛУБ-У","Тестовое замечание","Тестовое решение для этого замечания"
"Evgeniy Voronin","Evgeniy Voronin","КЛУБ-У","Тестовое замечание","2 Решение для этого замечания"
"Игорь Коромыслов","Игорь Коромыслов","КЛУБ-У"," При включении питания не светятся индикаторы «ПИТ» на блоках БЭЛ-У, БКР-У","Проверить включение питания бортовой сети,  проверить правильность подключения АЗ к бортовой сети (отсутствие переполюсовки)."
"Игорь Коромыслов","Игорь Коромыслов","КЛУБ-У"," При включении питания не светятся индикаторы «ПИТ» на блоках БЭЛ-У, БКР-У","Проверить правильность подключения кабеля «Вход» к АЗ (отсутствие переполюсовки) "
"Игорь Коромыслов","Игорь Коромыслов","КЛУБ-У"," При включении питания не светятся индикаторы «ПИТ» на блоках БЭЛ-У, БКР-У","Проконтролировать свечение индикаторов включения на ИП-ЛЭ. Включить соответствующий канал ИП-ЛЭ, при отсутствии свечения заменить ИП-ЛЭ. "
"Игорь Коромыслов","Игорь Коромыслов","КЛУБ-У"," При включении питания не светятся индикаторы «ПИТ» на блоках БЭЛ-У, БКР-У","Измерить мультиметром напряжение на выходе ИП-ЛЭ на колодке ЦКР. Проверить правильность подключения кабеля «Выход» к колодке ЦКР."
"Игорь Коромыслов","Игорь Коромыслов","КЛУБ-У"," При включении питания не светятся индикаторы «ПИТ» на блоках БЭЛ-У, БКР-У","Измерить мультиметром ток потребления на входе автоматов АЗ. В случае несоответствия тока потребления требованиям на КЛУБ-У отключить кабель «Выход» от ИП- ЛЭ, повторно включить питание и проконтролировать наличие напряжения (50+-5)В на выходе ИП-ЛЭ. Проверить качество монтажа на отсутствие короткого замыкания по питанию,  особенно на колодке ЦКР, ЭПК150И-1.  Далее последовательно включая блоки в цепь питания, выяснить причину перегрузки. "
"Игорь Коромыслов","Игорь Коромыслов","КЛУБ-У"," При включении питания не светятся индикаторы «ПИТ» на блоках БЭЛ-У, БКР-У","Проверить автоматический защитный выключатель (АЗВ), при необходимости заменить."
"Игорь Коромыслов","Игорь Коромыслов","КЛУБ-У"," При включении питания не светятся индикаторы «ПИТ» на блоках БЭЛ-У, БКР-У","Проверить предохранители в БЭЛ-У и БКР-У, при необходимости заменить."
"Игорь Коромыслов","Игорь Коромыслов","КЛУБ-У","При включении питания отсутствует индикация фактической скорости на БИЛ","Ввести с клавиатуры БИЛ команду К71.  Проконтролировать наличие цифры 3 в информационной строке. При отсутствии цифры ""3"" заменить БЭЛ-У (неисправность ячейки ВПД)"
"Игорь Коромыслов","Игорь Коромыслов","КЛУБ-У","При включении питания отсутствует индикация фактической скорости на БИЛ","Ввести с клавиатуры БИЛ команду К71. Проконтролировать наличие цифры 6 в информационной строке. При отсутствии цифры ""6"" заменить БЭЛ-У (неисправность ячейки СНС или ЭК)"
"Игорь Коромыслов","Игорь Коромыслов","КЛУБ-У","Не переключается активность блока БИЛ при переключении кабины управления (для БКР-У-2М).","Проверить правильность прокладки кабелей. Между блоками БИЛ, БИЛ-ПОМ,  БР-У (БР-ЕСН), БИЛ-ИНД первой кабины должны быть кабели CAN  36991-758-00, между аналогичными блоками второй кабины должны быть кабели CAN 36991-788-00). При несоответствии поменять кабели местами."
"Игорь Коромыслов","Игорь Коромыслов","КЛУБ-У","Не переключается активность блока БИЛ при переключении кабины управления (для БКР-У-2М).","Измерить мультиметром напряжение между сигналами +КАБ2, -КАБ2 на колодке ЦКР:  при активности 1 кабины должно быть – 0 В или обрыв; при активности 2 кабины должно быть – (50+-5) В. "
"Игорь Коромыслов","Игорь Коромыслов","КЛУБ-У","Не переключается активность блока БИЛ при переключении кабины управления (для БКР-У-2М).","Проверить мультиметром наличие напряжения (50+-5) В на контакте 9  относительно контакта 10  соединителя «БЭЛ1-3» блока БКР-У-2М при наличии напряжения (50+-5) В между сигналами +КАБ2, -КАБ2 на колодке ЦКР. При несоответствии заменить блок БКР-У-2М."
"Игорь Коромыслов","Игорь Коромыслов","КЛУБ-У","Не переключается активность блока БИЛ при переключении кабины управления (для БКР-У-2М).","Прозвонить кабель БКР-БЭЛ (контакты: 9 с 9,  10 с 10). При неисправности заменить кабель "
"Игорь Коромыслов","Игорь Коромыслов","КЛУБ-У","Не переключается активность блока БИЛ при переключении кабины управления (для БКР-У-2М).","Произвести контрольную замену блока БЭЛ-У для проверки в условиях контрольно-ремонтного пункта на стендовом оборудовании."
"Игорь Коромыслов","Игорь Коромыслов","КЛУБ-У","При включении ключа ЭПК отсутствует звуковой сигнал, индикация светофоров, допустимой скорости на БИЛ.","Проверить подключение кабеля БКР- ЭПК к клапану ЭПК на соответствие схеме подключения. "
"Игорь Коромыслов","Игорь Коромыслов","КЛУБ-У","При включении ключа ЭПК отсутствует звуковой сигнал, индикация светофоров, допустимой скорости на БИЛ.","Проверить мультиметром наличие короткозамкнутой связи между 2 и 4  контактами на колодке ЭПК при включении ключа ЭПК. При необходимости произвести замену ЭПК."
"Игорь Коромыслов","Игорь Коромыслов","КЛУБ-У","При включении ключа ЭПК отсутствует звуковой сигнал, индикация светофоров, допустимой скорости на БИЛ.","Измерить мультиметром напряжение между 2 и 4 контактами на колодке ЭПК при выключенном ключе ЭПК. Прозвонить кабели БКР-БЭЛ 36991-764-00, БКР-ЭПК1 36991-753-00 (для 1 кабины), БКР-ЭПК2 36991-755-00  (для 2 кабины) на соответствие схеме подключения. При необходимости произвести замену ЭПК и кабелей."
"Игорь Коромыслов","Игорь Коромыслов","КЛУБ-У","При включении ключа ЭПК отсутствует звуковой сигнал, индикация светофоров, допустимой скорости на БИЛ.","Проверить правильность прокладки кабелей. Между блоками БИЛ, БИЛ-ПОМ,  БР-У (БР-ЕСН), БИЛ-ИНД первой кабины должны быть кабели 36991-758-00, между аналогичными блоками второй кабины должны быть кабели 36991-788-00)."
"Игорь Коромыслов","Игорь Коромыслов","КЛУБ-У","При включении ключа ЭПК отсутствует звуковой сигнал, индикация светофоров, допустимой скорости на БИЛ.","С БВЛ (клавиатуры БИЛ) по команде «К5» проверить правильность задания параметра «Конфигурация»  и «Тип локомотива». При необходимости откорректировать."
"Игорь Коромыслов","Игорь Коромыслов","КЛУБ-У","При включении ключа ЭПК отсутствует звуковой сигнал, индикация светофоров, допустимой скорости на БИЛ.","Проверить, в какой кабине включено управление. При необходимости переключить управление кабины."
"Игорь Коромыслов","Игорь Коромыслов","КЛУБ-У","При включении ключа ЭПК раздается непрекращающийся свист ЭПК и через 7секунд – разрядка тормозной магистрали.","Зарядить тормозную магистраль. Проверить показания локомотивных манометров или шкал давления блока БИЛ."
"Игорь Коромыслов","Игорь Коромыслов","КЛУБ-У","При включении ключа ЭПК раздается непрекращающийся свист ЭПК и через 7секунд – разрядка тормозной магистрали.","Проверить положение крана питательной магистрали - должен находиться в открытом состоянии."
"Игорь Коромыслов","Игорь Коромыслов","КЛУБ-У","При включении ключа ЭПК раздается непрекращающийся свист ЭПК и через 7секунд – разрядка тормозной магистрали.","Проверить отсутствие КЗ между 1 и 3 контактами ЭПК. Проверить полярность шунтирующего диода между данными контактами. Проверить правильность монтажа внутри ЭПК (на соответствие техническому описанию на ЭПК). При необходимости заменить ЭПК."
"Игорь Коромыслов","Игорь Коромыслов","КЛУБ-У","При включении ключа ЭПК раздается непрекращающийся свист ЭПК и через 7секунд – разрядка тормозной магистрали.","Проверить мультиметром наличие напряжения между 1 и 3 контактами разъема ЭПК1 (ЭПК2) блока БКР-У.  При отсутствии напряжения произвести замену БКР-У."
"Игорь Коромыслов","Игорь Коромыслов","КЛУБ-У","При включении ключа ЭПК раздается непрекращающийся свист ЭПК и через 7секунд – разрядка тормозной магистрали.","Проверить напряжение  напряжения между контактами +CLEPK, -CLEPK отключенного от ЭПК кабеля БКР-ЭПК. При необходимости заменить кабель."
"Игорь Коромыслов","Игорь Коромыслов","КЛУБ-У","Через 76 секунд после включения питания раздается непрекращающийся свист ЭПК и далее через 7секунд – разрядка тормозной магистрали.","Проверить подключение к колодке ЦКР по сигналам «+0 К», «-0 К» на соответствие схеме подключения."
"Игорь Коромыслов","Игорь Коромыслов","КЛУБ-У","Через 76 секунд после включения питания раздается непрекращающийся свист ЭПК и далее через 7секунд – разрядка тормозной магистрали.","Установить рукоятку контроллера машиниста в ""нулевое"" положение."
"Игорь Коромыслов","Игорь Коромыслов","КЛУБ-У","Через 76 секунд после включения питания раздается непрекращающийся свист ЭПК и далее через 7секунд – разрядка тормозной магистрали.","Измерить мультиметром напряжение между контактами «+0 К», «-0 К» на колодке ЦКР при нулевой и ненулевой позиции рукоятки контроллера. При нулевой позиции должно быть (50+-5) В. При ненулевой позиции - 0 В или обрыв. "
"Игорь Коромыслов","Игорь Коромыслов","КЛУБ-У","Через 76 секунд после включения питания раздается непрекращающийся свист ЭПК и далее через 7секунд – разрядка тормозной магистрали.","При отключенном от БКР-У кабеле БКР-БЭЛ 36991-764-00 проверить напряжение между 5 и 6 контактами разъема БЭЛ1-3 блока БКР-У при нулевой и ненулевой позиции рукоятки контроллера. При нулевой позиции должно быть (50+-5) В. При ненулевой позиции - 0 В или обрыв. При неисправности заменить БКР-У."
"Игорь Коромыслов","Игорь Коромыслов","КЛУБ-У","Через 76 секунд после включения питания раздается непрекращающийся свист ЭПК и далее через 7секунд – разрядка тормозной магистрали.","Подключить к БЭЛ-У блок БВД-У и проимитировать движение с предварительным выключением ""0"" контролем. При неисправности заменить БЭЛ-У"
"Игорь Коромыслов","Игорь Коромыслов","КЛУБ-У","Через 76 секунд после включения питания раздается непрекращающийся свист ЭПК и далее через 7секунд – разрядка тормозной магистрали.","Прозвонить кабель БКР-БЭЛ 36991-764-00. При необходимости заменить кабель."
"Игорь Коромыслов","Игорь Коромыслов","КЛУБ-У","Через 76 секунд после включения питания раздается непрекращающийся свист ЭПК и далее через 7секунд – разрядка тормозной магистрали.","Прозвонить кабель БКР-ЦКР 36991-762-00. При неисправности заменить кабель."
"Игорь Коромыслов","Игорь Коромыслов","КЛУБ-У","Показания времени по истечении 5 минут после включения питания на блоке БИЛ отличаются от текущего московского","Задать при нажатии на кнопку «Л» с БВЛ правильный параметр «Время» (данная работа выполняется электромехаником при подключении БВД-У к КЛУБ-У)"
"Игорь Коромыслов","Игорь Коромыслов","КЛУБ-У","Показания времени по истечении 5 минут после включения питания на блоке БИЛ отличаются от текущего московского","Визуально проконтролировать расположение АУУ-1Н. Выехать на локомотиве в зону уверенного приёма спутниковых сигналов или изменить расположение АУУ-1Н на крыше локомотива. "
"Игорь Коромыслов","Игорь Коромыслов","КЛУБ-У","Показания времени по истечении 5 минут после включения питания на блоке БИЛ отличаются от текущего московского","Заменить АУУ."
"Игорь Коромыслов","Игорь Коромыслов","КЛУБ-У","Показания времени по истечении 5 минут после включения питания на блоке БИЛ отличаются от текущего московского","Заменить кабель между АУУ и БЭЛ-У."
"Игорь Коромыслов","Игорь Коромыслов","КЛУБ-У","Показания времени по истечении 5 минут после включения питания на блоке БИЛ отличаются от текущего московского","Заменить БЭЛ-У."
"Игорь Коромыслов","Игорь Коромыслов","КЛУБ-У","При наличии записанной в КЛУБ-У электронной карты показания координаты на блоке БИЛ по истечении 5 минут после включения питания и отсутствия движения равны нулю.","Визуально проконтролировать расположение АУУ-1Н.  Выехать на локомотиве в зону уверенного приёма спутниковых сигналов или изменить расположение АУУ-1Н на крыше локомотива."
"Игорь Коромыслов","Игорь Коромыслов","КЛУБ-У","При наличии записанной в КЛУБ-У электронной карты показания координаты на блоке БИЛ по истечении 5 минут после включения питания и отсутствия движения равны нулю.","Мультиметром измерить сопротивление между центральной жилой и оплеткой кабеля между АУУ и БЭЛ-У. Величина сопротивления не должна быть бесконечной. При несоответствии прозвонить кабель, проверить подключение кабеля к антенне, заменить кабель."
"Игорь Коромыслов","Игорь Коромыслов","КЛУБ-У","При наличии записанной в КЛУБ-У электронной карты показания координаты на блоке БИЛ по истечении 5 минут после включения питания и отсутствия движения равны нулю.","Мультиметром измерить напряжение на центральном контакте относительно корпуса соединителя. Величина напряжения должна быть (12+-0,5)В. При необходимости заменить БЭЛ-У."
"Игорь Коромыслов","Игорь Коромыслов","КЛУБ-У","При наличии записанной в КЛУБ-У электронной карты показания координаты на блоке БИЛ по истечении 5 минут после включения питания и отсутствия движения равны нулю.","Перезаписать электронную карту на актуальную."
"Игорь Коромыслов","Игорь Коромыслов","КЛУБ-У","Не вводятся параметры с БВЛ (клавиатуры БИЛ): номер пути,  частота, режим работы, начальная координата","Переключить управление кабины."
"Игорь Коромыслов","Игорь Коромыслов","КЛУБ-У","Не вводятся параметры с БВЛ (клавиатуры БИЛ): номер пути,  частота, режим работы, начальная координата","Заменить БВЛ (БИЛ)."
"Игорь Коромыслов","Игорь Коромыслов","КЛУБ-У","При поездке по кодированным путям или проверке на шлейфе,  или от устройства безшлейфовой проверки УБП, не переключаются светофоры на БИЛ (постоянно (более 10 секунд) горит сигнал «Белый»  или «Красный»).","Сверить значения частоты принимаемого сигнала и частоты, индицируемой на БИЛ. С БВЛ (клавиатуры БИЛ) нажатием кнопки «F» настроить КЛУБ на частоту принимаемого сигнала. "
"Игорь Коромыслов","Игорь Коромыслов","КЛУБ-У","При поездке по кодированным путям или проверке на шлейфе,  или от устройства безшлейфовой проверки УБП, не переключаются светофоры на БИЛ (постоянно (более 10 секунд) горит сигнал «Белый»  или «Красный»).","С БВЛ (клавиатуры БИЛ) ввести команду «К71». Проконтролировать наличие цифры «4» в информационной строке на БИЛ. При необходимости заменить БЭЛ-У."
"Игорь Коромыслов","Игорь Коромыслов","КЛУБ-У","При поездке по кодированным путям или проверке на шлейфе,  или от устройства безшлейфовой проверки УБП, не переключаются светофоры на БИЛ (постоянно (более 10 секунд) горит сигнал «Белый»  или «Красный»).","Проверить подключение в соединительной коробке на соответствие схеме подключения. Катушки КПУ должны быть соединены согласно последовательно (а не встречно)."
"Игорь Коромыслов","Игорь Коромыслов","КЛУБ-У","При поездке по кодированным путям или проверке на шлейфе,  или от устройства безшлейфовой проверки УБП, не переключаются светофоры на БИЛ (постоянно (более 10 секунд) горит сигнал «Белый»  или «Красный»).","Проверить установку катушек на соответствие техническому описанию."
"Игорь Коромыслов","Игорь Коромыслов","КЛУБ-У","При поездке по кодированным путям или проверке на шлейфе,  или от устройства безшлейфовой проверки УБП, не переключаются светофоры на БИЛ (постоянно (более 10 секунд) горит сигнал «Белый»  или «Красный»).","Проверить параметры приёмных катушек в соответствии с требованиями ПКБ.ЦТ.25.0115"
"Игорь Коромыслов","Игорь Коромыслов","КЛУБ-У","При поездке по кодированным путям или проверке на шлейфе,  или от устройства безшлейфовой проверки УБП, не переключаются светофоры на БИЛ (постоянно (более 10 секунд) горит сигнал «Белый»  или «Красный»).","Перепутаны местами кабели БКР-ПК1 и БКР-ПК2 натБКР-У-2М (для двухкабинного односекционного исполнения КЛУБ-У) (кабель от разъема ПК1 блока БКР идет к катушкам второй кабины, а кабель от разъема ПК2 идет к катушкам первой кабины). Поменять местами кабели БКР-У"
"Игорь Коромыслов","Игорь Коромыслов","КЛУБ-У","При поездке по кодированным путям или проверке на шлейфе,  или от устройства безшлейфовой проверки УБП, не переключаются светофоры на БИЛ (постоянно (более 10 секунд) горит сигнал «Белый»  или «Красный»).","Подключить БВД-У к разъему ПК1 (ПК2) на БКР-У и проимитировать сигнал АЛСН с БВД-У. Соответствующий сигнал светофора должен включиться на БИЛ. При необходимости заменить БКР-У"
"Игорь Коромыслов","Игорь Коромыслов","КЛУБ-У","При поездке по кодированным путям или проверке на шлейфе,  или от устройства безшлейфовой проверки УБП, не переключаются светофоры на БИЛ (постоянно (более 10 секунд) горит сигнал «Белый»  или «Красный»).","Прозвонить кабель или: При исправном БКР-У подключить БВД-У к разъему ПК1 (ПК2) на БКР-У и проимитировать сигнал АЛСН с БВД-У. Соответствующий сигнал светофора должен включиться на БИЛ. Заменить кабель БКР-ПК1  36991-756-00 (БКР-ПК2 36991-757-00)"
"Игорь Коромыслов","Игорь Коромыслов","КЛУБ-У","При поездке по кодированным путям или проверке на шлейфе,  или от устройства безшлейфовой проверки УБП, не переключаются светофоры на БИЛ (постоянно (более 10 секунд) горит сигнал «Белый»  или «Красный»).","Прозвонить кабель или: При исправном БКР-У подключить БВД-У к разъему ПК1 (ПК2) на БКР-У и проимитировать сигнал АЛСН с БВД-У. Соответствующий сигнал светофора должен включиться на БИЛ. Заменить кабель БКР-БЭЛ."
"Игорь Коромыслов","Игорь Коромыслов","КЛУБ-У","Выключение ТСКБМ (менее 3 минут)","Проанализировать файл поездки с КР системы КЛУБ-У. Особое внимание уделить на состояние модуля ""11"" (включенное/выключенное состояние ТСКБМ), состояние дискретного сигнала ""Тумблер ТСКБМ"" (при условии выполненной доработки на локомотиве), состояние дискретного сигнала ""ТСКБМ состояние""."
"Игорь Коромыслов","Игорь Коромыслов","КЛУБ-У","Выключение ТСКБМ (более 3 минут)","Проанализировать файл поездки с КР системы КЛУБ-У. Определить состояние модуля ""11"" (включенное/выключенное состояние ТСКБМ), дискретных сигналов ""Тумблер ТСКБМ"" (при условии выполненной доработки на локомотиве), ""ТСКБМ состояние""."
"Игорь Коромыслов","Игорь Коромыслов","КЛУБ-У","Выключение ТСКБМ (более 3 минут)","Проверка носимых частей ТСКБМ-Н."
"Игорь Коромыслов","Игорь Коромыслов","КЛУБ-У","Регистрация выключенного состояния ТСКБМ  в файлах СУД-У (просмотрщике АСУТ НБД-2).","Проверить кабельный монтаж КЛУБ-У."
"Игорь Коромыслов","Игорь Коромыслов","КЛУБ-У","Регистрация выключенного состояния ТСКБМ  в файлах СУД-У (просмотрщике АСУТ НБД-2).","Многочасовой прогон каждого комплекта БЭЛ-У для тестирования комплектов МЦО."
"Игорь Коромыслов","Игорь Коромыслов","КЛУБ-У","Регистрация выключенного состояния ТСКБМ  в файлах СУД-У (просмотрщике АСУТ НБД-2).","Проверить актуальность версии программного обеспечения блока ШЛЮЗ-CAN и его работоспособности."
"Игорь Коромыслов","Игорь Коромыслов","КЛУБ-У","Полное или частичное отсутствие записи параметров движения.","Обновить программное обеспечение программы СУД-У."
"Игорь Коромыслов","Игорь Коромыслов","КЛУБ-У","Полное или частичное отсутствие записи параметров движения.","Функциональная проверка кассет регистрации КЛУБ-У."
"Игорь Коромыслов","Игорь Коромыслов","КЛУБ-У","Полное или частичное отсутствие записи параметров движения.","Установить актуальное программное обеспечение в блоки УСК."
"Игорь Коромыслов","Игорь Коромыслов","КЛУБ-У","Полное или частичное отсутствие записи параметров движения.","Исключить использование программ по очистке кассет регистрации. "
"Игорь Коромыслов","Игорь Коромыслов","КЛУБ-У","Полное или частичное отсутствие записи параметров движения.","Проверить версию программного обеспечения БР-У. При необходимости произвести программирование."
"Евгений Зиневич","Evgeniy Voronin","КЛУБ-У","Нет приема координат","Ввести команду К71 если 5 не горит - неисправен маршрутный модуль (ячейки ЭК и СНС)"
"Евгений Зиневич","Evgeniy Voronin","КЛУБ-У","Нет приема координат","Проверить антену на крыше электровоза"
"Вадим Шипилов","Вадим Шипилов","ЗСЛ-2М","Заброс стрелки скорости.","1.Замена барабана механизма подзавода.2.Замена анкерной вилки."
"Евгений Зиневич","Игорь Коромыслов","КЛУБ-У","Полное или частичное отсутствие записи параметров движения.","Проверить состояние контактов БР-У (загрязнение, окисление заклинивание контактов в верхнем положении)"
"Евгений Зиневич","Евгений Зиневич","САУТ","На стоянке показывает скорость более 0 км/ч","Неисправность кабеля от блока БС-ДПС до ДПС замыкание контактов 5 и 7 в разьеме"
"Евгений Зиневич","Евгений Зиневич","САУТ","На стоянке показывает скорость более 0 км/ч","Неисправность кабеля от блока БС ДПС до ДПС замыкание контактов 5 и 7 в разьеме"
"Юрий Найденов","Александр  Прошенков ","САУТ","Отсутствуют АЧХ АН-САУТ","Произвести калибровку приёмного тракта прибором ПД САУТ"
"Евгений Воронин","Евгений Воронин","БЛОК","Временами гаснет монитор БЛОК, раздается свисток ЭПК, от РБ не восстанавливается.  ","Проверить CAN шину на предмет наличия ошибок"
"Евгений Воронин","Евгений Воронин","БЛОК","Временами гаснет монитор БЛОК, раздается свисток ЭПК, от РБ не восстанавливается.  ","Осмотреть разьем монитора на предмет нарушения пайки в разьеме"
"Евгений Воронин","Евгений Воронин","БЛОК","Временами гаснет монитор БЛОК, раздается свисток ЭПК, от РБ не восстанавливается.  ","По файлу поездки оценить работу ячеек  (возможен сбои работы ячейки Цо)"
"Евгений Воронин","Евгений Воронин","КЛУБ-У","Допустимая скорость упала на 0 км/ч, в течении всей поездки","Проверить допустимую скорость на З сигнал. По команде к5"
"Евгений Воронин","Евгений Воронин","КПД","Нет изменений давления в ТМ (15.11.1)          ","Проверить датчик СТЭК на отсутствие загрязнений, проверить на стенде, либо установить из переходного запаса"
"Евгений Воронин","Евгений Воронин","АЛСН","Появление Б огня на перегоне","Проверить параметры приемных катушек"
"Евгений Воронин","Евгений Воронин","КЛУБ-У","Допустимая скорость упала на 0 км/ч, в течении всей поездки","Проверить наличие допустимой скорости на З сигнал в файле поездки. "
"Евгений Воронин","Евгений Воронин","АЛСН","Появление Б огня на перегоне","Проверить состояние клемных коробок отсутствие влаги"
"Евгений Воронин","Евгений Воронин","АЛСН","Появление Б огня на перегоне","Проверить ПН на наличие ослаблений монтажа клемм вх1, вх2 "
"Евгений Воронин","Евгений Воронин","АЛСН","Появление Б огня на перегоне","Провести расшифровку КПД наличие сигнала ИФ и сигнала локомотивного светофора "
"Евгений Воронин","Евгений Воронин","АЛСН","Появление Б огня на перегоне","Проверить напряжение питания бортовой сети. Наличие бросков при включении вентиляторов, при сборе схемы тормозного режима"
"Евгений Воронин","Евгений Воронин","АЛСН","Появление Б огня на перегоне","Наличие окислов на контактах ламелей общего ящика АЛСН"
"Евгений Воронин","Евгений Воронин","ТСКБМ","Пропадает сигнал включения ТСКБМ","Проверить монтаж от тумблера до панели соеденительной"
"Евгений Воронин","Евгений Воронин","ТСКБМ","Пропадает сигнал включения ТСКБМ","Проверить панель соединительную на целостность элементной базы"
"Евгений Воронин","Евгений Воронин","ТСКБМ","Пропадает сигнал включения ТСКБМ","Наличие дополнительной платы регистрации в панели соединительной "
"Евгений Воронин","Евгений Воронин","ТСКБМ","Пропадает сигнал включения ТСКБМ","Проверить поступление сигнала в блок БУС"
"Евгений Воронин","Евгений Воронин","КПД","Выбивает автоматы КПД ","Проверить автоматы на настройку по величине срабатывания "
"Евгений Воронин","Евгений Воронин","КПД","Выбивает автоматы КПД ","Сменить  блок БУ-3ПА для проверки на стенде "
"Евгений Воронин","Евгений Воронин","Проверка рельсовых цепей при расследовании отс","Сбой кодов по станции с КЖ на К","Требуется проверить работу станции по мониторингу"
"Евгений Воронин","Евгений Воронин","Проверка рельсовых цепей при расследовании отс","Сбой кодов по станции с КЖ на К","По файлу расшифровки в случае прихода современного подвижного состава расшифровать рс-алс. Определить причину сбоя (наличие помехи, либо пропадание кодов)"
"Евгений Воронин","Евгений Воронин","Проверка рельсовых цепей при расследовании отс","Сбой кодов по станции с КЖ на К","Прибором ИРС промерить переходноое сопротивление стыков (нормальное сопротивление не более 200 мкОм)"
"Евгений Воронин","Евгений Воронин","Проверка рельсовых цепей при расследовании отс","Сбой кодов по станции с КЖ на К","Проверить интервалы и длину импульсов "
"Евгений Воронин","Евгений Воронин","Проверка рельсовых цепей при расследовании отс","Сбой кодов по станции с КЖ на К","Проверить ток в рельсовой цепи. По каждой нити. Отсутствие разности токов"
"Евгений Воронин","Евгений Воронин","Проверка рельсовых цепей при расследовании отс","Сбой кодов по станции с КЖ на К","Проверить состояние заземлителей "
"Евгений Воронин","Евгений Воронин","Проверка рельсовых цепей при расследовании отс","Сбой кодов по станции с КЖ на К","Проверить состояние изоляционных стыков. "
"Евгений Воронин","Евгений Воронин","Проверка рельсовых цепей при расследовании отс","Сбой кодов по станции с КЖ на К","Проверить разность потенциалов на опорах контактной сети от зазамлителя, работу диода "
"Евгений Воронин","Евгений Воронин","АЛСН","Появление Б огня на перегоне","Проверить на тепловозе работу реле переключения приемных катушек рвс "
"Евгений Воронин","Евгений Воронин","Проверка рельсовых цепей при расследовании отс","Сбой кодов по станции с КЖ на К","Наличие на данном месте трубопроводов проходящих под путём, возможность их соприкосновения с рельсам при проходе тпс "
"Евгений Воронин","Евгений Воронин","КПД","При сборе схемы скорость падает на 0 км/ч","Проверить работу датчиков пути л178. Неисправен один из датчиков "
"Евгений Воронин","Евгений Воронин","КПД","При сборе схемы скорость падает на 0 км/ч","Проверить состояние гермоперехода в районе кузова на наличие влаги и окисла в разъёме "
"Максим Орлов","Евгений Воронин","КПД","Отсутствует сигнал ИФ (15.13.1)","Прохождение сигнала ИФ от общего ящика до соединительной панели можно проверить подключив контрольную лампу к клемма 11(вх8) и 12(общ8) разъёма х1 соединительной панели. Лампа должна мигать в такт передаваемому коду. На разъём подключения бу сигнал ИФ приходит на выводы В6 и А9 соответственно. "
"Евгений Воронин","Евгений Воронин","БЛОК","Индикация ошибки А5 ","Требуется проверка ячеек ЦО"
"Евгений Воронин","Евгений Воронин","Радиостанции","Радиостанция не всегда работает на приём ","Проверить порог ПШ. на КВ ДОЛЖЕН быть 200 на укв 180"
"Евгений Воронин","Евгений Воронин","Радиостанции","О/с не работает с обеих кабин","Проверить схему подключения проводов питания радиостанции. Возможно неправильно выбрана точка подключения при окончании зарядки АБ происходит снижение напряжения до 36 в"
"Евгений Воронин","Евгений Воронин","Радиостанции","О/с не работает с обеих кабин","Проверить аккумуляторную батарею. "
"Юрий Найденов","Игорь Коромыслов","КЛУБ-У","Полное или частичное отсутствие записи параметров движения.","Использование лок. бригадой одной касетой на несколько поездок"
"Юрий Найденов","Игорь Коромыслов","КЛУБ-У","Полное или частичное отсутствие записи параметров движения.","Неисправность контактов или самого УСК"
"Юрий Найденов","Игорь Коромыслов","КЛУБ-У","При включении ключа ЭПК раздается непрекращающийся свист ЭПК и через 7секунд – разрядка тормозной магистрали.","Проверить открытия крана от напорной магистрали к ЭПК"
"Юрий Найденов","Игорь Коромыслов","КЛУБ-У","При включении ключа ЭПК раздается непрекращающийся свист ЭПК и через 7секунд – разрядка тормозной магистрали.","Проверить сопротивление катушки эпк"
"Юрий Найденов","Игорь Коромыслов","КЛУБ-У","При включении ключа ЭПК раздается непрекращающийся свист ЭПК и через 7секунд – разрядка тормозной магистрали.","Проверить состояние контактов концевого и путевого переключателя"
"Юрий Найденов","Евгений Воронин","КЛУБ-У","Допустимая скорость упала на 0 км/ч, в течении всей поездки","Проверить по файлу Кр-Клуб работу датчиков ДПС"
"Юрий Найденов","Евгений Воронин","КЛУБ-У","Допустимая скорость упала на 0 км/ч, в течении всей поездки","Проверить изоляцию кабеля ДПС"
"Юрий Найденов","Евгений Воронин","КЛУБ-У","Допустимая скорость упала на 0 км/ч, в течении всей поездки","Прозвонить на сообщения между собой провода в кабеле к ДПС"
"Юрий Боголепов","Юрий Боголепов","Радиостанции","Нет связи ПУ из первой кабины с БАРС.","Проверить разъёмное соединение в машинном отделении Х205. (При выходе из первой кабины слева внизу)  "
"Устенко Алексей","Евгений Воронин","КПД","Изменение направления движения на скорости (15.7.1)","На локомотивах оборудованных системой САУТ-ЦМ/485, выполнить проверку целостности, а также соответствие схеме электрического монтажа от блока БС-ДПС до датчиков ДПС-У с помощью устройства Lan Tester (рацианализаторское предложение ТРПУ-Лиски)"
"Устенко Алексей","Макеев Артем","КПД","Выключение ТСКБМ более 3 минут или до конца поездки 37.4","1. На локомотивах оборудованных КПД-3ПА проверить наличие питания на разъеме Х4 панели соединительной ПС-3П, а также правильность подключения проводов (х4-1 - ""+"" ТСКБМ, х4-2 - ""-"" ТСКБМ. 2. Проверить наличие питания на контакте А8 соединительного разъема панели ПС-3П."
"Игорь Лопатин","Евгений Воронин","КПД","Одновременно горят два или несколько огней ЛС (5.8.1)     ","Проверить индекс секции локомотива, указанного в поездке, в случае если в поездки указан индекс средней секции (не оборудованной устройствами безопасности), проверить составного локомотива в АСУТ-Т, совместно с работниками СЛД проверить исправность датчиков КБД, а также корректность внесённой в них информации."
"Игорь Лопатин","Евгений Воронин","КПД","В течение всей поездки не принимается один из огней ЛС (15.19.1)","Проверить индекс секции локомотива, указанного в поездке, в случае если в поездки указан индекс средней секции (не оборудованной устройствами безопасности), проверить составного локомотива в АСУТ-Т, совместно с работниками СЛД проверить исправность датчиков КБД, а также корректность внесённой в них информации."
"Устенко Алексей","Устенко Алексей","КПД","Выключение САУТ-Ц (ЦМ), КИО-САУТ в пути следования до конца поездки (Код 37.2)","Проверить наличие питания на контактах 7,8 (Провода сх.№К28, сх.№К29 рейки Х1 блока БУС-М)"
"Устенко Алексей","Устенко Алексей","КПД","Выключение САУТ-Ц (ЦМ), КИО-САУТ в пути следования до конца поездки (Код 37.2)","Выполнить проверку правильности подключения провода сх.№К28 к контакту 7, и провода сх.№К29 к контакту 8 рейки Х1 блока БУС-М. "
"Сергей Щепёткин","Евгений Воронин","КПД","Отсутствует сигнал ИФ (15.13.1)","Для КПД-3П необходимо произвести ревизию электромонтажа и проверку подключения провода №8 от клеммы ИФ колодка 8-1 общего ящика до контакта 10 цепи Вх. 7 панели соединительной"
"Сергей Щепёткин","Евгений Воронин","КПД","Дребезг давления в ТМ (15.12.1)            ","Для комплекса КПД-3ПВ можно установить конденсатор емкостью не менее 0,1 мкФ и рабочим напряжением не менее 160В, например конденсаторы типа к73-17-0,1мкФ-250В внутри панели ПС-3ПВ между контактом 2 разъема XS3 (XS4), ""СТЭК1"" (СТЭК2) и наконечником винта  заземления для одного из двух кабелей датчиков давления. Необходимо проверить величину и качество напряжения питания датчика давления СТЭК. Оно должно быть в пределах (24+-1,2)В  при токе нагрузки не более 0,1 А. Рекомендуется заменить датчик СТЭК предыдущей модели на современный - Датчик избыточного давления СТЭК-1-1,0YM ТУ 4212-001-12002406-2009. Также необходимо аналогично проверить канал измерения давления ТЦ"
"Сергей Щепёткин","Евгений Воронин","КПД","Дребезг давления в ТМ (15.12.1)            ","Для уменьшения влияния помех необходимо проверить качество экранирования кабелей от датчиков Л178/1.2 до панели соединительной ПС-3ПВ, в том числе наличие контакта между контактом 10/ХS1 (Разъем Л178/1.2) и экраном кабеля, экрана кабеля со стороны разъема XP2, XP3 (к панели ПС-3ПВ) с корпусом разъема XS2 ""ДУП1"", XS3 ""ДУП2"". Также необходимо проверить качество пайки внутренних проводов, идущих от платы ПС-3ПВ до разъемов XS2 ""ДУП1"", XS3 ""ДУП2"""
"Сергей Щепёткин","Евгений Воронин","КПД","Нет изменений давления в ТЦ (15.17.1)    ","Замечания по регистрации давления в ТЦ  или не правильной регистрации давления в ТЦ связаны с влиянием электромагнитных помех (импульсных, высоковольтных, радиочастотных) от кабелей проходящих рядом с кабелем от датчика СТЭК до панели ПС-3П (неудачная прокладка проводов, согласно проекту). По рекомендациям разработчика НПО «СТЭК», предлагается подобрать конденсатор типа К73-17-хх мкФ-250В с ёмкостью от 0,01 до 0,68 мкФ и установить его внутри панели ПС-3П  между контактом 3 или 4  разъёма XS4 «Стэк1» и наконечником винта заземления, экранную оплётку соединить с корпусом датчика на стороне самого датчика. Также может помочь соединение экранной оплётки кабеля с корпусом датчика через конденсатор ёмкостью не менее 10.000 пФ на напряжение не менее 250 В. Такая защита предназначена для датчиков СТЭК изготовления до 2011 года. В датчиках СТЭК с 2011 года и СТЭК-YM защита установлена на электронной плате датчика. Кардинально можно рекомендовать замену старых датчиков на СТЭК‑YM.»"
"Андрей Халилов","Игорь Коромыслов","КЛУБ-У","При включении питания отсутствует индикация фактической скорости на БИЛ","1. Проверить исправность предохранителя ДПС на БКР-У
2. Проверить исправность ДПС-У путём вращения крыльчатки на снятом датчике (может потребоваться напарник).
3. При выполнении пункта 2 проверить моргание индикаторов на БС-ДПС и наличие показаний фактической скорости на БИЛ и ПМ-САУТ (при наличии САУТа)
4. Проверить исправность блока БС-ДПС (могут быть неисправны гнёзда с выходными сигналами) путём подстыковки аналогичного из переходного запаса. 
5. На некоторых сериях локомотивов электрическое соединение с датчиками ДПС идёт через автоматы, можно проверить включены ли они."
"Вадим Цуркан","Вадим Цуркан","ТСКБМ","""Частные проверки бдительности"" - замечание в ТУ-152. При проверке на ПТОЛ - работает в штатном режиме. Возможной причиной является эксплуатация локомотива в районе наличия вышек мобильной связи. Т.к. частота приёмника ТСКБМ-П 1700 МГц, и имеет расширенную полосу пропускания, а частота операторов мобильной связи 1800 МГц то возможно их влияние на работу системы в целом. ","Такие места необходимо обозначить ""как возможные места нарушения нормальной работы ТСКБМ"" "
"Вадим Цуркан","Вадим Цуркан","ТСКБМ","""Частные проверки бдительности"" - замечание в ТУ-152. При проверке на ПТОЛ - работает в штатном режиме. Возможной причиной является эксплуатация локомотива в районе наличия вышек мобильной связи. Т.к. частота приёмника ТСКБМ-П 1700 МГц, и имеет расширенную полосу пропускания, а частота операторов мобильной связи 1800 МГц то возможно их влияние на работу системы в целом. ","Такие места необходимо обозначить ""как возможные места нарушения нормальной работы ТСКБМ"" "
"Даниил  Соболев ","Даниил  Соболев ","Радиостанции","РВ 1.1.М при проведении тест-1 выпадает ошибка 08 и отсутствует обратная посылка вызова.","Произвести замер КСВ от 1А до 1.5А, при необходимости произвести настройку АНСУ-В."
"Максим Воронин","Евгений Воронин","Радиостанции","О/с не работает с обеих кабин","test <img src=""http://images.unsplash.com/photo-1529736576495-1ed4a29ca7e1?crop=entropy&cs=tinysrgb&fit=max&fm=jpg&ixid=MnwxMjA3fDB8MXxhbGx8fHx8fHx8fHwxNjE3NDQ5OTM0&ixlib=rb-1.2.1&q=80&w=1080"">"
"Даниил  Соболев ","Даниил  Соболев ","Радиостанции","При включении радиостанции РВ 1.1.М происходят скачки с 1К на 2К и обратно.","Произвести проверку верности записанной СИ (служебная информация) и ДИ (дежурная информация) путем введения команды  F15-F98 ДИ F15-F99 СИ"
"Даниил  Соболев ","Даниил  Соболев ","Радиостанции","РВС, при проведении ТЕСТ-1 неисправность ЭПк1/ЭПк2","Произвести проверку предохранителей на блоке радиостанции ЭПЛ50/110-2к, при исправности предохранителей произвести замену блока "
"Андрей Козак","Андрей Козак","КПД","При включении АЛСН срабатывает КОН и происходит срыв ЭПК-150.","Отсутствует питание на контакте 4 разъема блока КОН. Проверить работоспособность кнопки КП - замкнутое состояние контактов кнопки (провода 213 и 212), или 0-10 контакт скоростемера ( контакты 4-12 разъема скоростемера), или провода 212 и 234 (контакт 4 разъема блока КОН) на клеммной рейке."
"Сергей Щепёткин","Вадим Шипилов","ЗСЛ-2М","Заброс стрелки скорости.","Неисправность пружины механизма подзавода (излом) - без возврата. Неисправность анкерной вилки: смещение палетты в следствии ослабления штифта; деформация оси, несоответствие геометрических параметров зева. При периодических забросов стрелки скорости с возвратом также необходимо произвести ревизию привода скоростемера"
"Андрей Козак","Андрей Козак","САУТ","Несоответствие показаний фактической скорости на ПМ-САУТ и скоростемере (БУ-3П).","Проверить соответствие диаметров бандажей КП, занесенных в карточку локомотива систем САУТ, КПД, КЛУБ-У, установленных на ТПС."
"Даниил Дедяев","Даниил Дедяев","БЛОК","Пропадает логический модуль 2 ,при команде к-71.","Смена монитора блок."
"Вайналович Александр","Вайналович Александр","БЛОК","При вводе команды К91 или К92 не происходит перезапуск 1 или 2 комплекта МЦО и перехода на другой комплект.","Заменить ячейку ЦО"
"Вайналович Александр","Вайналович Александр","БЛОК","При вводе команды К91 или К92 не происходит перезапуск 1 или 2 комплекта МЦО и перехода на другой комплект.","Заменить ячейку СБ"
"Вайналович Александр","Вайналович Александр","БЛОК","При вводе команды К91 или К92 не происходит перезапуск 1 или 2 комплекта МЦО и перехода на другой комплект.","Заменить ячейку УК"
"Алексей  Слободянюк ","Алексей  Слободянюк ","БЛОК","Пропадает координата на мониторе Блок.","Смена ячейки экс-снс"
"Никита Муратов","Алексей  Слободянюк ","БЛОК","Пропадает координата на мониторе Блок.","Проверить подключение антенны, целостность кабелей подключения, актуальную ЭК номер пути."
"Никита Муратов","Евгений Воронин","БЛОК","Временами гаснет монитор БЛОК, раздается свисток ЭПК, от РБ не восстанавливается.  ","Проверить целостность кабельной продукции визуально и методом прозвонки"
"Никита Муратов","Евгений Воронин","БЛОК","Индикация ошибки А5 ","Комплексная замена 3х ячеек неисправного полукомплекта СБ, ЦО, УК."
"Никита Муратов","Вайналович Александр","БЛОК","При вводе команды К91 или К92 не происходит перезапуск 1 или 2 комплекта МЦО и перехода на другой комплект.","Поменять местами ячейки ЦО для выявления неисправной ячейки(должен перестать работать один полукомплект и заработать другой), если не помогло то произвести то же самое с ячейками СБ и УК."
"Никита Муратов","Игорь Коромыслов","КЛУБ-У","При включении ключа ЭПК раздается непрекращающийся свист ЭПК и через 7секунд – разрядка тормозной магистрали.","Проверить приходящее питание на ЭПК, если питание есть то заменить ЭПК"
"Никита Муратов","Даниил Дедяев","БЛОК","Пропадает логический модуль 2 ,при команде к-71.","Проверить актуальность ПО, а так же работу блоков через АППИ, ошибки в линиях CAN"
"Сергей Логвинов","Сергей Логвинов","САУТ","На стоянке на мониторе МСУл показания ""юз"" или ""боксование"" одной из колёсных пар. ","неисправность ДПС-У. "
"Сергей Логвинов","Сергей Логвинов","САУТ","На стоянке на мониторе МСУл показания ""юз"" или ""боксование"" одной из колёсных пар. ","Неисправность кабельной продукции от распредкоробки до блока БС-ДПС-БЗС. "
"Сергей Логвинов","Сергей Логвинов","САУТ","На стоянке на мониторе МСУл показания ""юз"" или ""боксование"" одной из колёсных пар. ","Неисправность блока БС-ДПС-БЗС. "
"Сергей Логвинов","Сергей Логвинов","КЛУБ-У","В диагностическая строке по К71 нет 5.","Неисправность блока БЭЛ-У. "
"Сергей Логвинов","Сергей Логвинов","КЛУБ-У","В диагностическая строке по К71 нет 5.","Неисправность кабеля от блока БЭЛ-У до антенны. "
"Сергей Логвинов","Сергей Логвинов","КЛУБ-У","В диагностическая строке по К71 нет 5.","Неисправность антенны. "
"Сергей Логвинов","Сергей Логвинов","ТСКБМ","При включении ТСКБМ в строке диагностики по К71 нет В. ","Неисправен блок ТСКБМ-К"
"Сергей Логвинов","Сергей Логвинов","ТСКБМ","При включении ТСКБМ в строке диагностики по К71 нет В. ","Неисправен блок БСИ. "
"Сергей Логвинов","Сергей Логвинов","ТСКБМ","При включении ТСКБМ в строке диагностики по К71 нет В. ","Неисправен кабель от блока БСИ до ТСКБМ-К. "
"Евгений Воронин","Евгений Воронин","Проверка рельсовых цепей при расследовании отс","Сбой кодов по станции с КЖ на К","для определения фактического места сбоя по сообщению машиниста нужно учесть время срабатывания аппаратуры (t) (КЛУБ, ДКСВ) на смену показания локомотивного светофора (6-8 сек)."
"Евгений Воронин","Евгений Воронин","Проверка рельсовых цепей при расследовании отс","Сбой кодов по станции с КЖ на К","проверить визуально отсутствие подгара на контактах реле, прожога платы трансмиттерного и кодово-включаещего реле данного изолированного участка, определить степень разрушения контактов по внешнему осмотру:
- наличие переноса металла с контакта на контакт, из-за электрической дуги желто-зеленого окраса перекрывающего межконтактное расстояние (наличие игольчатых металлических фрагментов на контактных наклёпах);
- разрушение наклёпа из-за наличия трещин, сколов, выработки;
- электрохимической коррозии из-за попадания влаги, контакт принимает окрас белёсо-серый."
"Евгений Воронин","Евгений Воронин","Проверка рельсовых цепей при расследовании отс","Сбой кодов по станции с КЖ на К","выполнить измерения фактической величины временных параметров кодовых посылок АЛСН с помощью приборов ИВП-АЛСН или аналогичными (измерить временные параметры на входном конце в коде «З» или «Ж» норма для первого интервала 0,12-0,18); "
"Евгений Воронин","Евгений Воронин","Проверка рельсовых цепей при расследовании отс","Сбой кодов по станции с КЖ на К","провести анализ поездной обстановки на момент сбоя АЛС по имеющимся системама маниторинга (количество поездов на тяговом плече (в этом случае исходим из наихудших условий обратного тягового тока, то есть максимальное количество поездов по главным путям);"
"Евгений Воронин","Евгений Воронин","Проверка рельсовых цепей при расследовании отс","Сбой кодов по станции с КЖ на К","проверить на соответствие токовые параметры рельсовой цепи согласно регулировочным таблицам нормалей с помощью приборов А9-1, Ц-4380 (аналогичными разрешёнными);"
"Евгений Воронин","Евгений Воронин","Проверка рельсовых цепей при расследовании отс","Сбой кодов по станции с КЖ на К","проверить соответствие номиналов защитных сопротивлений (Rз) (установленных в путевых коробках) в тональных рельсовых цепях (сопротивление должно быть выставлено не менее 0,28 Ом вместе с подводящими проводами);"
"Евгений Воронин","Евгений Воронин","Проверка рельсовых цепей при расследовании отс","Сбой кодов по станции с КЖ на К","- проверить состояние напольного оборудования на участке сбоя в работе устройств АЛС (элементы изоляции рельсовых цепей, состояние шлейфов АЛС там, где кодирование выполнено по напольным шлейфам, путевых и дроссельных перемычек, заземления высоковольтных спусков контактных опор, целостность заземляющих устройств и надежность его закрепления к рельсу и другого оборудования на рельсы);"
"Евгений Воронин","Евгений Воронин","Проверка рельсовых цепей при расследовании отс","Сбой кодов по станции с КЖ на К","произвести измерения асимметрии обратного тягового тока и переходных сопротивлений стыковых соединителей и дроссельных перемычек с помощью прибора ИПС-01/1 - для электротяги постоянного тока или ИПС-01/2 - для электротяги переменного тока (аналогичными разрешёнными);"
"Евгений Воронин","Евгений Воронин","Проверка рельсовых цепей при расследовании отс","Сбой кодов по станции с КЖ на К","- проверить по факту схему пропуска обратного тягового тока на соответствие двухниточному плану станции и путевому плану перегона;"
"Евгений Воронин","Евгений Воронин","Проверка рельсовых цепей при расследовании отс","Сбой кодов по станции с КЖ на К","проверить намагниченность рельсов прибором А9-1 с функцией (F) или СТЫК-3Д (аналогичными разрешёнными); "
"Евгений Воронин","Евгений Воронин","Проверка рельсовых цепей при расследовании отс","Сбой кодов по станции с КЖ на К","- в случае повторяемости сбоев АЛС два раза и более, произвести дополнительный анализ на основании расшифровки работы локомотивных устройств АЛС и анализ схемы включения кодирования"
"Евгений Воронин","Евгений Воронин","Проверка рельсовых цепей при расследовании отс","Сбой кодов по станции с КЖ на К","Измерение искровых промежутков производится на шкале от 3В до 30В постоянного или переменного напряжения при электротяге постоянного или переменного тока соответственно, подтверждением исправности является отклонение стрелки, если этого не происходит то повторное измерение делается при прохождении поезда, если стрелка не отклоняется, то защита не исправна."
"Евгений Воронин","Евгений Воронин","Проверка рельсовых цепей при расследовании отс","Сбой кодов по станции с КЖ на К","Изолирующие стыки между остряком и крестовиной стрелок следует устанавливать по не кодируемому направлению. При невозможности выполнения этого требования, допускается установка стыков по кодируемому направлению с использованием специального способа укладки стрелочных (электротяговых) соединителей в соответствии с чертежом 410104 – ТМП и увеличением тока АЛС в рельсах на 30%. "
"Евгений Воронин","Евгений Воронин","Проверка рельсовых цепей при расследовании отс","Расследование сбоев на участках с ЛЭП","Уровень помех зависит от угла пересечения ЛЭП с железной дорогой, напряжением ЛЭП, взаимного расположения проводников и высоты их подвески, распределения нагрузки по фазам ЛЭП. Существует три метода: использование наземных компенсирующих шлейфов, увеличение сигнального тока, приведение к синфазности сигнального тока АЛСН и тока помех от ЛЭП"
"Евгений Воронин","Евгений Воронин","Проверка рельсовых цепей при расследовании отс","Расследование сбоев на участках с ЛЭП","Компенсационный (создание искусственного электромагнитного поля, противоположного по фазе основному электромагнитному полю ЛЭП) - электромагнитное экранирование, уложить в грунт по оси каждой из ЛЭП медный неизолированный трос или ПБСМ-95, концы которого заземлить на индивидуальный заземлитель как показано на рисунке №3."
"Евгений Воронин","Евгений Воронин","Проверка рельсовых цепей при расследовании отс","Расследование сбоев на участках с ЛЭП","Увеличение сигнального тока Р.Ц: может быть реализовано увеличением напряжения на питающем конце Р.Ц., если это допускают соответствующие нормали. Если же такое увеличение невозможно по условиям обеспечения нормального и шунтового режимов работы, то по возможности перенести питающий конец ближе к ЛЭП."
"Евгений Воронин","Евгений Воронин","Проверка рельсовых цепей при расследовании отс","Расследование сбоев на участках с ЛЭП","Фазы сигнального тока АЛСН и тока помехи от ЛЭП должны совпадать, для этого меняют местами питающие провода ПХ, ОХ на первичной обмотке питающего трансформатора рельсовой цепи"
"Евгений Воронин","Евгений Воронин","Проверка рельсовых цепей при расследовании отс","Расследование сбоев АЛСН на участках с неравномерной намагниченности элементов верхнего строения пути","Причиной сбоев в работе систем АЛС являются помехи, которые возникают при проследовании локомотивами участков пути, изолирующих стыков и элементов стрелочных переводов с повышенным уровнем магнитной индукции. В процессе движения по рельсам, изолирующим стыкам, рельсовым элементам стрелочных переводов с повышенным уровнем магнитной индукции в приемных катушках локомотивов возникает импульсный электрический сигнал, создающий помеху. В ряде случаев влияние импульсных помех превышает защитные возможности локомотивных устройств АЛСН и КЛУБ, что приводит к кратковременному появлению на локомотивном светофоре огней, не соответствующих показанию напольного светофора. Наиболее часто сбои АЛСН из-за влияния неравномерной намагниченности бывают характера З-КЖ, З-Ж, З-Б, Ж-З. Если неравномерная намагниченность рельсов или других элементов верхнего строения пути имеет большую протяженность на локомотивном светофоре возможна беспорядочная смена огней."
"Евгений Воронин","Евгений Воронин","Проверка рельсовых цепей при расследовании отс","Расследование сбоев АЛСН на участках с неравномерной намагниченности элементов верхнего строения пути","Нормативные значения магнитной индукции рельсов, изолирующих стыков, рельсовых элементов стрелочных переводов, превышение которых приводит к сбоям в работе систем автоматической локомотивной сигнализации согласно инструкции «по определению мест со сверхнормативной намагниченностью рельсов в пути и на рельсосварочных предприятиях» утвержденной распоряжением № 5р от 9 января 2013 г. приведены в таблице №2"
"Евгений Воронин","Евгений Воронин","Проверка рельсовых цепей при расследовании отс","Расследование сбоев АЛСН на участках с неравномерной намагниченности элементов верхнего строения пути","Измерения индукции магнитного поля рельсов, изолирующих стыков, рельсовых элементов стрелочных переводов в пути следует проводить приборами: ""А9-1М"", ""СТЫК-3Д"", ""ИТРЦ-М"" (разрешенные аналоги) с функцией оценки уровня индукции магнитного поля на поверхности рельсов."
"Евгений Воронин","Евгений Воронин","Проверка рельсовых цепей при расследовании отс","Расследование сбоев АЛСН на участках с неравномерной намагниченности элементов верхнего строения пути","Допускается проводить измерение индукции магнитного поля элементов верхнего строения пути другими средствами измерений, в том числе устанавливаемыми на подвижные единицы (локомотивы, диагностические вагоны, вагоны-дефектоскопы) и обеспечивающими непрерывную запись значений индукции магнитного поля в виде магнитограмм при движении"
"Евгений Воронин","Евгений Воронин","Проверка рельсовых цепей при расследовании отс","Расследование сбоев АЛСН на участках с неравномерной намагниченности элементов верхнего строения пути","Определение неравномерной намагниченности рельсов производится электромехаником СЦБ совместно с дорожным мастером (бригадиром) при расследовании причин сбоев АЛСН, после выгрузки плетей или укладки рельсовых звеньев в путь, или при наличии подозрений, что сбои произошли из-за влияния неравномерной намагниченности с помощью прибора СТЫК-3Д"
"Евгений Воронин","Евгений Воронин","Проверка рельсовых цепей при расследовании отс","Расследование сбоев АЛСН на участках с неравномерной намагниченности элементов верхнего строения пути","При проведении измерений следует учесть, что время установления показаний прибора А9-1М (разрешённый аналог), заявляемое в руководстве по эксплуатации, может доходить до 10 секунд. Снятие непрерывного графика изменения магнитной индукции по длине рельсов может занять длительное время. В связи с этим рекомендуется следующая последовательность. По расшифровке кассеты регистрации КЛУБ, файла РПС САУТ уточняется место начала сбоя и скорость движения поезда. С учетом пути, прошедшего за время смены показания локомотивного светофора (5-6 секунд) при данной скорости поезда, определяется место поиска причин сбоя."
"Евгений Воронин","Евгений Воронин","Проверка рельсовых цепей при расследовании отс","Расследование сбоев АЛСН на участках с неравномерной намагниченности элементов верхнего строения пути","Оптимальная доступная зона измерения располагается на поверхности рельса на расстоянии не более 10 мм от его торца (на рисунке №4 показана серым цветом). Датчик преобразователя А9-1М (разрешённый аналог) располагается в этой зоне."
"Евгений Воронин","Евгений Воронин","Проверка рельсовых цепей при расследовании отс","Расследование сбоев АЛСН на участках с неравномерной намагниченности элементов верхнего строения пути","Для изолирующих стыков повышенной считается намагниченность более 10 мТл, когда к рельсу прилипают мелкие стальные предметы удлинённой или плоской формы."
"Игорь Тюшев","Игорь Тюшев","БЛОК","Пропадание индикации АЛСН на МСС при включённом состоянии ключа БУ-ЭПК-151Д","Ревизия штепсельных разъёмов ""Х2"" и ""Х3"" на БУ-ЭПК-151Д (выпадание проводов питания управляющей части эпк из технологических отверстий в месте фиксации) "
"Игорь Тюшев","Игорь Тюшев","БЛОК","Периодические переходы с полукомплекта 1 на полукомплект 2, и обратно (со звуковой индикацией) ","Смена ячеек СБ, ЦО, УК"
"Евгений Воронин","Евгений Воронин","Расследование ОТС","ОТС по радиосвязи ","Акт осмотра локомотива совместно с РЦС "
"Игорь Тюшев","Игорь Тюшев","БЛОК","Периодические переходы с полукомплекта 1 на полукомплект 2, и обратно (со звуковой индикацией) ","Если в CAN1 присутствуют ошибки, заменить ТСКБМ-П"
"Евгений Воронин","Евгений Воронин","Расследование ОТС","ОТС по радиосвязи ","Акт проверки качества связи на станции отказа"
"Евгений Воронин","Евгений Воронин","Расследование ОТС","ОТС по радиосвязи ","Акт проверки носимых станций вагонников/составителей по станции отказа "
"Евгений Воронин","Евгений Воронин","Расследование ОТС","ОТС по радиосвязи ","Объяснение машиниста "
"Евгений Воронин","Евгений Воронин","КПД","Дребезг давления в ТМ (15.12.1)            ","Проверить на стенде или заменить из переходного запаса панель соединительную и СТЭК"
"Евгений Воронин","Евгений Воронин","КПД","Нет изменений давления в ТМ (15.11.1)          "," Если дребезг только в начале поездки, то это с большей степенью вероятности неисправность датчика."
"Евгений Воронин","Евгений Воронин","КПД","Нет изменений давления в ТЦ (15.17.1)    "," Привлечь работника СЛД для очистки пневматических трубок"
"Евгений Воронин","Евгений Воронин","КПД","Одновременно горят два или несколько огней ЛС (5.8.1)     "," Проверить исправность диода в ЭПК-150, при необходимости заменить"
"Евгений Воронин","Евгений Воронин","КПД","Дребезг давления в ТМ (15.12.1)            ","Проверить датчик СТЭК на отсутствие загрязнений, проверить на стенде, либо установить из переходного запаса"
"Евгений Воронин","Евгений Воронин","КПД","Дребезг давления в ТМ (15.12.1)            "," Привлечь работника СЛД для очистки пневматических трубок"
"Евгений Воронин","Евгений Воронин","КПД","Дребезг давления в ТМ (15.12.1)            ","Проверить качество питающего напряжения на входе датчика СТЭК в том числе наличие/отсутствие пульсации"
"Евгений Воронин","Евгений Воронин","КПД","Нет изменений давления в ТМ (15.11.1)          ","Проверить качество питающего напряжения на входе датчика СТЭК в том числе наличие/отсутствие пульсации"
"Евгений Воронин","Евгений Воронин","КПД","Нет изменений давления в ТМ (15.11.1)          ","Проверить на стенде или заменить из переходного запаса панель соединительную и СТЭК"
"Евгений Воронин","Евгений Воронин","КПД","Нет изменений давления в ТЦ (15.17.1)    ","Просмотреть файл регистрации "
"Евгений Воронин","Евгений Воронин","КПД","Нет изменений давления в ТЦ (15.17.1)    "," Если дребезг только в начале поездки, то это с большей степенью вероятности неисправность датчика."
"Евгений Воронин","Евгений Воронин","КПД","Нет изменений давления в ТЦ (15.17.1)    ","Проверить датчик СТЭК на отсутствие загрязнений, проверить на стенде, либо установить из переходного запаса.  "
"Евгений Воронин","Евгений Воронин","КПД","Нет изменений давления в ТЦ (15.17.1)    "," Проверить на стенде или заменить из переходного запаса панель соединительную и СТЭК                       "
"Евгений Воронин","Евгений Воронин","КПД","Изменение направления движения на скорости (15.7.1)","Обеспечить наличие и исправность конденсаторов в проводах для защиты от помех по ТЗ № 8"
"Евгений Воронин","Евгений Воронин","КПД","Изменение направления движения на скорости (15.7.1)","Обеспечить заземление экрана провода датчика ДУП на корпус локомотива."
"Евгений Воронин","Евгений Воронин","КПД","Изменение направления движения на скорости (15.7.1)"," Обеспечить правильную рассадку монтажа на панели соединительной. "
"Евгений Воронин","Евгений Воронин","КПД","Изменение направления движения на скорости (15.7.1)","Установить исправные датчики ДУП"
"Евгений Воронин","Евгений Воронин","КПД","Изменение направления движения на скорости (15.7.1)","Обеспечить правильное подключение датчиков ДУП"
"Евгений Воронин","Евгений Воронин","КПД","Изменение направления движения на скорости (15.7.1)","Удалить окиси в гермопереходе под кузовом"
"Евгений Воронин","Евгений Воронин","КПД","Изменение направления движения на скорости (15.7.1)"," Обеспечить надежный контакт провода КПД в контроллере машиниста;"
"Евгений Воронин","Евгений Воронин","КПД","Изменение направления движения на скорости (15.7.1)"," Замерить сопротивление изоляции провода от ДУП до панели соединительной, при необходимость заменить провод"
"Евгений Воронин","Евгений Воронин","КПД","Изменение направления движения на скорости (15.7.1)","Проверить исправность предохранителя ДУП на панели соединительной, при необходимости заменить"
"Евгений Воронин","Евгений Воронин","КПД","Изменение направления движения на скорости (15.7.1)"," Проверить исправность панели соединительной, при необходимости заменить"
"Евгений Воронин","Евгений Воронин","КПД","Изменение направления движения на скорости (15.7.1)","Проверить исправность блока управления, при необходимости заменить "
"Евгений Воронин","Евгений Воронин","КПД","Одновременно горят два или несколько огней ЛС (5.8.1)     ","Проверить целостность монтажных проводов, при необходимости обеспечить восстановление"
"Евгений Воронин","Евгений Воронин","КПД","Одновременно горят два или несколько огней ЛС (5.8.1)     ","Обесечить правильность подключения монтажа на панели соединительной"
"Евгений Воронин","Евгений Воронин","КПД","Одновременно горят два или несколько огней ЛС (5.8.1)     ","Обеспечить правильность подключение монтажа в ОЯ, устранить возможные коротокие замыкания монтажа, касание соседних клемм, проводов в ОЯ"
"Евгений Воронин","Евгений Воронин","КПД","Одновременно горят два или несколько огней ЛС (5.8.1)     ","Проверить исправность дешифратора, при необходимости заменить"
"Евгений Воронин","Евгений Воронин","КПД","Дребезг давления в ТМ (15.12.1)            ","Просмотреть файл регистрации  "
"Евгений Воронин","Евгений Воронин","КПД","Дребезг давления в ТМ (15.12.1)            ","В остальных случаях: проверить наличие и исправность конденсатора по ТЗ № 8; проверить качество изоляции и экрана монтажных проводов датчиков СТЭК и качества и правильности подключения, наличие заземления экрана на корпус локомотива"
"Евгений Воронин","Евгений Воронин","КПД","Нет изменений давления в ТМ (15.11.1)          ","Просмотреть файл регистрации  "
"Евгений Воронин","Евгений Воронин","КПД","Нет изменений давления в ТМ (15.11.1)          ","В остальных случаях: проверить наличие и исправность конденсатора по ТЗ № 8; проверить качество изоляции и экрана монтажных проводов датчиков СТЭК и качества и правильности подключения, наличие заземления экрана на корпус локомотива"
"Евгений Воронин","Евгений Воронин","КПД","Нет изменений давления в ТМ (15.11.1)          ","Привлечь работника СЛД для очистки пневматических трубок"
"Евгений Воронин","Евгений Воронин","КПД","Нет изменений давления в ТЦ (15.17.1)    ","В остальных случаях: проверить наличие и исправность конденсатора по ТЗ № 8; проверить качество изоляции и экрана монтажных проводов датчиков СТЭК и качества и правильности подключения, наличие заземления экрана на корпус локомотива"
"Евгений Воронин","Евгений Воронин","КПД","Нет изменений давления в ТЦ (15.17.1)    ","Проверить качество питающего напряжения на входе датчика СТЭК в том числе наличие/отсутствие пульсации"
"Евгений Воронин","Евгений Воронин","КПД","Одновременно горят два или несколько огней ЛС (5.8.1)     ","Проверить правильность введенного в полупостоянные характеристики признака ""код варианта системы АЛС"", при необходимости откорректировать"
"Евгений Воронин","Евгений Воронин","КПД","Одновременно горят два или несколько огней ЛС (5.8.1)     ","Проверить правильность подключения проводов на штыревых клеммах ЭПК-150 (провод ""1"" к ЭПК-1, провод ""2"" к ЭПК-4), при необходимости привести в соответствие. В случае соответствия протянуть гайки крепления проводов КПД на штыревых клеммах"
"Евгений Воронин","Евгений Воронин","КПД","Одновременно горят два или несколько огней ЛС (5.8.1)     ","Проверить правильность информации в ЭПЛ об установленных устройствах безопасности, при необходимости внести корректировки"
"Евгений Воронин","Евгений Воронин","КПД","Одновременно горят два или несколько огней ЛС (5.8.1)     ","Проверить  актуальность установленного программного обеспечения, при необходимости актуализировать до версии из состава пакета № 13"
"Максим Воронин","Максим Воронин","КПД","yrdy","123321"
"Максим Воронин","Максим Воронин","КПД","yrdy","test"
"Максим Воронин","Максим Воронин","КПД","yrdy","asdasdasd"
"Максим Воронин","Максим Воронин","КПД","yrdy","12333321"
"Максим Воронин","Максим Воронин","Тестовая система","Какое-то замечание для локомотива №1 (1)","Решение для этого замечания 1"
"Максим Воронин","Максим Воронин","Тестовая система","Какое-то замечание для локомотива №1 (2)","Решение для этого замечания 2"
"Максим Воронин","Максим Воронин","Тестовая система","Какое-то замечание для локомотива №1 (2)","Решение для этого замечания 3"
"Максим Воронин","Максим Воронин","КПД","yrdy","       "
"Максим Воронин","Максим Воронин","КПД","тест","111"
"Максим Воронин","Максим Воронин","КПД","тест","s"